PIVA,RagioneSociale,email
1,BALAK     ,gabriele.citossi@rai.it
2,SCLIPPA   ,test@prova.it
3,ZANINELLO ,test@prova.it
4,BUSETTO   ,test@prova.it
5,ASPERTI   ,test@prova.it
6,FABRINI FABBRINI--------- ,test@prova.it
7,FERRIANI  ,test@prova.it
8,MARESCOTTI,test@prova.it
9,ZANNIER   ,test@prova.it
10,PETRONI   ,test@prova.it
11,MIONI     ,test@prova.it
12,STRAMUCCI ,test@prova.it
13,BENNASSI  ,test@prova.it
14,GARUTI    ,test@prova.it
15,BARILLI   ,test@prova.it
16,NEROZZI   ,test@prova.it
17,MENARINI  ,test@prova.it
18,TOSCHI    ,test@prova.it
19,SERENARI  ,test@prova.it
20,GABRIELLI ,test@prova.it
21,GUERZONI  ,test@prova.it
22,MARFISI   ,test@prova.it
23,ROSSI     ,test@prova.it
24,GUALANDI  ,test@prova.it
25,GAMBERINI ,test@prova.it
26,LANZARINI ,test@prova.it
27,ZANFRA    ,test@prova.it
28,PATELLI   ,test@prova.it
29,BISI      ,test@prova.it
30,GUIZZARDI ,test@prova.it
31,TAGLIAVINI,test@prova.it
32,PALTRINIERi,test@prova.it
34,BERNABEI  ,test@prova.it
35,ADVERSI   ,test@prova.it
36,BABINA    ,test@prova.it
37,TRADII    ,test@prova.it
38,CASELLATO ,test@prova.it
39,ANDALO    ,test@prova.it
40,DOLCETTI  ,test@prova.it
41,VENTURINI ,test@prova.it
42,FIORI     ,test@prova.it
43,CORAZZA   ,test@prova.it
44,BONORA    ,test@prova.it
45,GERLI     ,test@prova.it
46,CALIRI    ,test@prova.it
47,VATALARO  ,test@prova.it
48,CREMONINI ,test@prova.it
49,MEZZINI   ,test@prova.it
50,PASSANESE ,test@prova.it
51,LUSA      ,test@prova.it
52,MERLI     ,test@prova.it
53,NANNI     ,test@prova.it
54,CAZZARA   ,test@prova.it
55,FORNACIARI,test@prova.it
56,BOI-,test@prova.it
57,ROSSIGNOLO,test@prova.it
58,CABURAZZI ,test@prova.it
59,GAETANI   ,test@prova.it
60,MAZZONI   ,test@prova.it
61,CAPOVILLA ,test@prova.it
62,GUIDOTTI  ,test@prova.it
63,VANTINI   ,test@prova.it
64,NALDI     ,test@prova.it
65,GARDELLI  ,test@prova.it
66,COMANDINI ,test@prova.it
67,LANDI     ,test@prova.it
68,PODIO     ,test@prova.it
69,GIUSTI    ,test@prova.it
70,VIOLI     ,test@prova.it
71,TUOZZI    ,test@prova.it
72,MALFATTI  ,test@prova.it
73,VERONESI  ,test@prova.it
74,MARZOCCHI ,test@prova.it
75,SERRAPICA ,test@prova.it
76,GATTO     ,test@prova.it
77,NALDI     ,test@prova.it
78,SAMMUT    ,test@prova.it
79,GUARINI MATTEUCCI---------,test@prova.it
80,ARENA     ,test@prova.it
81,BARBIERI  ,test@prova.it
82,CASTANOS  ,test@prova.it
83,BERNASCONI,test@prova.it
84,MARCHIO   ,test@prova.it
85,TARTARI   ,test@prova.it
86,MALSERVISI,test@prova.it
87,CASTORI   ,test@prova.it
88,PASQUI    ,test@prova.it
89,MARTIN MINGUEZ---------   ,test@prova.it
90,MARTIN MINGUEZ---------   ,test@prova.it
91,ZHOU      ,test@prova.it
92,CANESTRINI,test@prova.it
93,VEDELINA  ,test@prova.it
94,MANIONE   ,test@prova.it
95,LAI-,test@prova.it
96,CHEN      ,test@prova.it
97,SALAH     ,test@prova.it
98,PADOVANI  ,test@prova.it
99,FRATI     ,test@prova.it
100,PALAGIANO ,test@prova.it
101,IANNICI   ,test@prova.it
102,ROSSI     ,test@prova.it
103,NATALE    ,test@prova.it
104,APREA     ,test@prova.it
105,MAZZANTI  ,test@prova.it
106,CERRONE   ,test@prova.it
107,BELLISARIO,test@prova.it
108,LA MORGIA ,test@prova.it
109,TENAGLIA  ,test@prova.it
110,SCACCIA   ,test@prova.it
111,D ANGELO  ,test@prova.it
112,SCACCIA   ,test@prova.it
113,GIANCRISTOFARO---------   ,test@prova.it
114,NICOLUCCI ,test@prova.it
115,PASQUINI  ,test@prova.it
116,PASQUINI  ,test@prova.it
117,PASQUINI  ,test@prova.it
118,NERINI    ,test@prova.it
119,OTTAVIANO ,test@prova.it
120,DI NUNZIO ,test@prova.it
121,GNAGNARELLA---------      ,test@prova.it
122,IASCI     ,test@prova.it
123,COTELLESSA,test@prova.it
124,SCATOZZA  ,test@prova.it
125,GIANCRISTOFARO---------   ,test@prova.it
126,DI CIANO  ,test@prova.it
127,FANTINI   ,test@prova.it
128,FANTINI   ,gabriele.citossi@rai.it
129,TORTORELLI,test@prova.it
130,FANTINI   ,test@prova.it
131,ROSATO    ,test@prova.it
132,SPOLTORE  ,test@prova.it
133,ZULLI     ,test@prova.it
134,POMPA     ,test@prova.it
135,DI CAMPLI ,test@prova.it
136,SPOLTORE  ,test@prova.it
137,CICCOCIOPPO---------      ,test@prova.it
138,CAPESTRANO,test@prova.it
139,BOLLETTA  ,test@prova.it
140,TUPONE    ,test@prova.it
141,DI CAMPLI ,test@prova.it
142,DI NENNO  ,test@prova.it
143,GIANCRISTOFARO---------   ,test@prova.it
144,DI NUNZIO ,test@prova.it
145,RAZIONALE ,test@prova.it
146,MONTEFUSCO,test@prova.it
147,MONTEFUSCO,test@prova.it
148,DI PIETRO ,test@prova.it
149,RUGGIERO  ,test@prova.it
150,LA MORGIA ,test@prova.it
151,MONTEAMARO,test@prova.it
152,LA MORGIA ,test@prova.it
153,COSTANTINO,test@prova.it
154,CIUMMELLI ,test@prova.it
155,DI CAMPLI ,test@prova.it
156,SGOBBA    ,test@prova.it
157,DI NUNZIO ,test@prova.it
158,VENERDI   ,test@prova.it
159,DI NUNZIO ,test@prova.it
160,MEMMO     ,test@prova.it
161,RAPINO    ,test@prova.it
162,DI NUNZIO ,test@prova.it
163,VINCIGUERRA---------      ,test@prova.it
164,SIRENI    ,test@prova.it
165,NARDONE   ,test@prova.it
166,DI CASTELNUOVO---------   ,test@prova.it
167,OTTAVIANO ,test@prova.it
168,OTTAVIANO ,test@prova.it
169,SORA      ,test@prova.it
170,DI CAMPLI ,test@prova.it
171,PASQUINI  ,test@prova.it
172,GIULIANTE ,test@prova.it
173,FANTINI   ,test@prova.it
174,D AMELIO  ,test@prova.it
175,VALLASPRA ,test@prova.it
176,BUCCIARELLI---------      ,test@prova.it
177,RUICCI    ,test@prova.it
178,CIUMMELLI ,test@prova.it
179,CERRONE   ,test@prova.it
180,DONATELLI ,test@prova.it
181,DE LUCA   ,test@prova.it
182,BELLISARIO,test@prova.it
183,MARINO    ,test@prova.it
184,GIAMMARINO,test@prova.it
185,NASUTI    ,test@prova.it
186,D ANGELO  ,test@prova.it
187,DI NENNO  ,test@prova.it
188,DI MENNO DI BUCCHIANICO-------- ,test@prova.it
189,NASUTI    ,test@prova.it
190,GIANCRISTOFARO---------   ,test@prova.it
191,GIANCRISTOFARO---------   ,test@prova.it
192,MEMMO     ,test@prova.it
193,MEMMO     ,test@prova.it
194,PANCELLA  ,test@prova.it
195,DI CAMPLI ,test@prova.it
196,MARINO    ,test@prova.it
197,COLACIOPPO,test@prova.it
198,MASCIARELLI---------      ,test@prova.it
199,CAROSELLA ,test@prova.it
200,CATENARO  ,test@prova.it
201,BUCCIANTE ,test@prova.it
202,CIAMPINI  ,test@prova.it
203,SALVATORE ,test@prova.it
204,D URBANO  ,test@prova.it
205,BARBELLA  ,test@prova.it
206,ANGELUCCI ,test@prova.it
207,LIBERATO  ,test@prova.it
208,RANIERI   ,test@prova.it
209,CICCOCIOPPO---------      ,test@prova.it
210,PETRARCA  ,test@prova.it
211,GERMANI   ,test@prova.it
212,CAPORALE  ,test@prova.it
213,MARZIANI  ,test@prova.it
214,SABELLA   ,test@prova.it
215,LA MORGIA ,test@prova.it
216,CERICOLA  ,test@prova.it
217,SPOLTORE  ,test@prova.it
218,SPOLTORE  ,test@prova.it
219,PANTALEONE,test@prova.it
220,CASTIGLIONE---------      ,test@prova.it
221,ARMATORI  ,test@prova.it
222,GIANCRISTOFARO---------   ,test@prova.it
223,MAMMARELLA,test@prova.it
224,MAMMARELLA,test@prova.it
225,DIDONE    ,test@prova.it
226,TRAPASSO  ,test@prova.it
227,MARFISI   ,test@prova.it
228,ROSELLI   ,test@prova.it
229,PAGLIALUNGA---------      ,test@prova.it
230,AZZARA    ,test@prova.it
231,BOMBA     ,test@prova.it
232,MIGLIETTI ,test@prova.it
233,DE NARDIS ,test@prova.it
234,BARRELLA  ,test@prova.it
235,DI LELLO  ,test@prova.it
236,LANDI     ,test@prova.it
237,CROGNALE  ,test@prova.it
238,PASQUINI  ,test@prova.it
239,BEVILACQUA,test@prova.it
240,RITELLI   ,test@prova.it
241,PICCO     ,test@prova.it
242,DI FLORIO ,test@prova.it
243,DE RENTIIS,test@prova.it
244,DE RENTIIS,test@prova.it
245,RONZITTI  ,test@prova.it
246,TUCCI     ,test@prova.it
247,DE CRECCHIO---------      ,test@prova.it
248,MISCIA    ,test@prova.it
249,DI DIEGO  ,test@prova.it
250,D INTINO  ,test@prova.it
251,MUCCI     ,test@prova.it
252,VALENTINI ,test@prova.it
253,MASTRANGELO---------      ,test@prova.it
254,GIALLEONARDO---------     ,test@prova.it
255,MASCIANGELO---------      ,test@prova.it
256,DI LORETO ,test@prova.it
257,SABELLA   ,test@prova.it
258,DI FLORIO ,test@prova.it
259,ARGENTIERI,test@prova.it
260,RUTOLO    ,test@prova.it
261,DEL VECCHIO---------      ,test@prova.it
262,RENZETTI  ,test@prova.it
263,FIDANZA   ,gabriele.citossi@rai.it
264,SARACENI  ,test@prova.it
265,ROSSI     ,test@prova.it
266,MEMMO     ,test@prova.it
267,PETRILLO  ,test@prova.it
268,DI ROCCO  ,test@prova.it
269,SIGISMONDI,test@prova.it
270,MAMBELLA  ,test@prova.it
271,ROSATO    ,test@prova.it
272,DE ROSA   ,test@prova.it
273,TRIVILINO ,test@prova.it
274,PANTALEONE,test@prova.it
275,DI PIETRO ,test@prova.it
276,ZULLI     ,test@prova.it
277,NICOLAI   ,test@prova.it
278,DI TONDO  ,test@prova.it
279,STANISCIA ,test@prova.it
280,BONAFFINI ,test@prova.it
281,MARINI    ,test@prova.it
282,MORAPITO  ,test@prova.it
283,TADDEO    ,test@prova.it
284,GIANGIORDANO---------     ,test@prova.it
285,DELLA MORGIA---------     ,test@prova.it
286,TANZI     ,test@prova.it
287,SANTAGATA ,test@prova.it
288,ANGELUCCI ,test@prova.it
289,GARGARELLA,test@prova.it
290,STELLA    ,test@prova.it
291,SPADANO   ,test@prova.it
292,ZULLI     ,test@prova.it
293,ROMANDINI ,test@prova.it
294,CICCOCIOPPO---------      ,test@prova.it
295,D ALESSANDRO---------     ,test@prova.it
296,PITUCCI   ,test@prova.it
297,IEZZI     ,test@prova.it
298,RANZI     ,test@prova.it
299,D ANTONIO ,test@prova.it
300,CHIRIACO  ,test@prova.it
301,CARLINI   ,test@prova.it
302,SPICCIATI ,test@prova.it
303,SCIARRA   ,test@prova.it
304,TRIVILINO ,test@prova.it
305,CALDORO   ,test@prova.it
306,MASTRANGELO---------      ,test@prova.it
307,DI MARTINO,test@prova.it
308,DEL BELLO ,test@prova.it
309,MASCIANGELO---------      ,test@prova.it
310,DE IULIIS ,test@prova.it
311,MICOLUCCI ,test@prova.it
312,D AMICO   ,test@prova.it
313,MARANO    ,test@prova.it
314,DI LELLO  ,test@prova.it
315,TORRETTA  ,test@prova.it
316,ROSA      ,test@prova.it
317,DI BATTISTA---------      ,test@prova.it
318,LA FARCIOLA---------      ,test@prova.it
319,ALESSANDRINI---------     ,test@prova.it
320,STELLA    ,test@prova.it
321,D ARCANGELO---------      ,test@prova.it
322,SCIORILLI ,test@prova.it
323,DI CAMPLI ,test@prova.it
324,MARROCCO  ,test@prova.it
325,NARDONE   ,test@prova.it
326,TUCCI     ,test@prova.it
327,MORETTI   ,test@prova.it
328,ALFIERI   ,test@prova.it
329,NUZZACI   ,test@prova.it
330,DE LUCIA  ,test@prova.it
331,D AMBROSIO,test@prova.it
332,VALLETTA BOLLETTA---------,test@prova.it
333,ROBERTO   ,test@prova.it
334,SPADANO   ,test@prova.it
335,PANCELLA  ,test@prova.it
336,STEFANUCCI,test@prova.it
337,NACCARI   ,test@prova.it
338,MUCCI     ,test@prova.it
339,GIAMPAOLO ,test@prova.it
340,RUSCELLO  ,test@prova.it
341,DI FLORIO ,test@prova.it
342,DELLA GUARDIA---------    ,test@prova.it
343,LANZARA   ,test@prova.it
344,TRIVENTI  ,test@prova.it
345,TRIVILINO ,test@prova.it
346,AVOCONE   ,test@prova.it
347,POMPA     ,test@prova.it
348,LA BARBA  ,test@prova.it
349,FANTINI   ,test@prova.it
350,BIESTRO LAVIOSA---------  ,test@prova.it
351,MASTRANGELO---------      ,test@prova.it
352,RUSSI     ,test@prova.it
353,DI MARTINO,test@prova.it
354,NASUTI    ,test@prova.it
355,ANGELUCCI ,test@prova.it
356,LANCI     ,test@prova.it
357,URSINI    ,test@prova.it
358,VERI      ,test@prova.it
359,DE PROSPERO---------      ,test@prova.it
360,VERNA     ,test@prova.it
361,SAURO     ,test@prova.it
362,DI NOLA   ,test@prova.it
363,CIERI     ,test@prova.it
364,PIZZIMENTI,test@prova.it
365,DE FILIPPIS---------      ,test@prova.it
366,MARFISI   ,test@prova.it
367,VENTURA   ,test@prova.it
368,MUCCI     ,test@prova.it
369,CAVALLINI ,test@prova.it
370,CIARELLI  ,test@prova.it
371,NARDIZZI  ,test@prova.it
372,LONGO     ,test@prova.it
373,PISCICELLI,test@prova.it
374,DI FABIO  ,test@prova.it
375,DI CREDICO,test@prova.it
376,ROMANDINI ,test@prova.it
377,DI MICHELE,test@prova.it
378,CATANIA   ,test@prova.it
379,RAGNELLI  ,test@prova.it
380,CROCE     ,test@prova.it
381,RAMONDO   ,test@prova.it
382,ZINGARELLI,test@prova.it
383,TROIANO   ,test@prova.it
384,ROSATO    ,test@prova.it
385,TESTA     ,test@prova.it
386,AMADEI    ,test@prova.it
387,SILVERI   ,test@prova.it
388,FANTINI   ,test@prova.it
389,NASUTI    ,test@prova.it
390,CAPORALE  ,test@prova.it
391,DI CAMPLI ,test@prova.it
392,DI PIETRO ,test@prova.it
393,GIULIANTE ,test@prova.it
394,LIBERIO   ,test@prova.it
395,GALEANI   ,test@prova.it
396,DE FIDELIBUS---------     ,test@prova.it
397,BOMBA     ,test@prova.it
398,MURRI     ,test@prova.it
399,GIANGIULIO,test@prova.it
400,FISCHI    ,test@prova.it
401,GIUSTI    ,test@prova.it
402,DI CECCO  ,test@prova.it
403,ELMO      ,test@prova.it
404,CUONZO    ,test@prova.it
405,UCCI      ,test@prova.it
406,FANTINI   ,test@prova.it
407,SOZIO     ,test@prova.it
408,NAPOLEONE ,test@prova.it
409,DE ANGELIS,test@prova.it
410,FRANCESCUCCI---------     ,test@prova.it
411,RULLO     ,test@prova.it
412,CAVACINI  ,test@prova.it
413,GNAGNARELLA---------      ,test@prova.it
414,DI CIANO  ,test@prova.it
415,CHIEFFO   ,test@prova.it
416,DI CIANO  ,test@prova.it
417,ROSSI     ,test@prova.it
418,D AMICO   ,test@prova.it
419,D ONOFRIO ,test@prova.it
420,FERRANTE  ,test@prova.it
421,RASPA     ,test@prova.it
422,RASPA     ,test@prova.it
423,MARTELLI  ,test@prova.it
424,CATINELLA ,test@prova.it
425,CANDELORO ,test@prova.it
426,BETTOLI   ,test@prova.it
427,BUCCIANTE ,test@prova.it
428,CIARELLI  ,test@prova.it
429,BUCCO     ,test@prova.it
430,PORFIRIO  ,test@prova.it
431,VILLARA   ,test@prova.it
432,CIGANA    ,test@prova.it
433,DI MECO   ,test@prova.it
434,DI MECO   ,test@prova.it
435,ANTRILLI  ,test@prova.it
436,CIAMPOLI  ,test@prova.it
437,MEMMO     ,test@prova.it
438,MICOLUCCI ,test@prova.it
439,CIARELLI  ,test@prova.it
440,SALVATORE ,test@prova.it
441,OTTAVIANO ,test@prova.it
442,ANDREOLI  ,test@prova.it
443,ASARO     ,test@prova.it
444,DI SALLE  ,test@prova.it
445,BALASSONE ,test@prova.it
446,SCOPETTA  ,test@prova.it
447,CAVALLO   ,test@prova.it
448,VALERIO   ,test@prova.it
449,D ARPA    ,test@prova.it
450,BOMBA     ,test@prova.it
451,SILVI     ,test@prova.it
452,MENNA     ,test@prova.it
453,CARAVAGGIO,test@prova.it
454,DI LULLO  ,test@prova.it
455,IANNONE   ,test@prova.it
456,DI MARCO  ,test@prova.it
457,TADDEO    ,test@prova.it
458,DI MECO   ,test@prova.it
459,FEDELE    ,test@prova.it
460,LA MORGIA ,test@prova.it
461,DE GREGORIO,test@prova.it
462,ZULLI     ,test@prova.it
463,ZULLI     ,test@prova.it
464,MARTELLI  ,test@prova.it
465,MARROLLO  ,test@prova.it
466,RANIERI   ,test@prova.it
467,RANIERI   ,test@prova.it
468,ABBONIZIO ,test@prova.it
469,PAOLEMILIO,test@prova.it
470,ZAMPETTI  ,test@prova.it
471,SALVATORE ,test@prova.it
472,ALESSANDRINI---------     ,test@prova.it
473,CHIARINI  ,test@prova.it
474,D AMICO   ,test@prova.it
475,PAONE     ,test@prova.it
476,NATARELLI ,test@prova.it
477,FAZIA     ,test@prova.it
478,TANZI     ,test@prova.it
479,VERNA     ,test@prova.it
480,LOMBREGLIA,test@prova.it
481,MURINNI   ,test@prova.it
482,PAONE     ,test@prova.it
483,DI CIANO  ,test@prova.it
484,D ORSOGNA ,test@prova.it
485,D ORSOGNA ,test@prova.it
486,VERONESE  ,test@prova.it
487,DI NUNZIO ,test@prova.it
488,DI CAMPLI ,test@prova.it
489,TORINELLO ,test@prova.it
490,MICOLUCCI ,test@prova.it
491,DI NUNZIO ,test@prova.it
492,FARS      ,test@prova.it
493,CROGNALE  ,test@prova.it
494,FERRANTE  ,test@prova.it
495,CICCOCIOPPO---------      ,test@prova.it
496,DI MECO   ,test@prova.it
497,GIANSANTE ,test@prova.it
498,SALVATORE ,test@prova.it
499,SALVATORE ,test@prova.it
500,MASTROFRANCESCO---------  ,test@prova.it